name,label0,label1,label2,label3,label4,label5,label6,label7,label8,label9,label10,label11,label12,label13,label14,label15,label16,label17,label18,label19,label20,label21,label22,label23,label24,label25,label26,label27,label28
000000389197.jpg,surfboard,person,person,person,person,person,person,person,person
000000223789.jpg,sink
000000152771.jpg,fire hydrant,car,car,bicycle
000000570782.jpg,keyboard,mouse,laptop,laptop,chair,bottle
000000455157.jpg,laptop,diningtable,diningtable,umbrella,bench,bench,person
000000419312.jpg,diningtable,cake,bowl,bowl,knife,fork,cup,cup
000000084492.jpg,skateboard,car,car,car,person
000000236784.jpg,sofa,dog,dog
000000533536.jpg,tvmonitor,cat
000000521717.jpg,chair,tennis racket,person,person,person
000000088250.jpg,elephant,elephant
000000203639.jpg,tie,person
000000133233.jpg,boat
000000282298.jpg,clock,handbag,person,person,person,person,person,person,person,person,person,person
000000201418.jpg,tvmonitor,suitcase,suitcase,suitcase,suitcase,suitcase,suitcase,suitcase,backpack,person,person,person,person,person,person,person,person,person,person,person,person
000000262587.jpg,surfboard,person
000000351096.jpg,scissors
000000058350.jpg,sofa,pizza,knife,person,person
000000269316.jpg,frisbee,person,person,person,person
000000098287.jpg,baseball bat,person,person,person,person,person,person,person
000000153217.jpg,cat,motorbike
000000360661.jpg,horse,horse,horse,person,person,person
000000179112.jpg,cell phone,person
000000035963.jpg,teddy bear
000000078843.jpg,person,person
000000488251.jpg,person,horse,car,person
000000353051.jpg,horse,person
000000318114.jpg,diningtable,cake,orange,fork,cup
000000167572.jpg,orange,sandwich,sandwich,knife,fork,wine glass,person
000000228214.jpg,cell phone,person,person,person,person
000000474164.jpg,dog,car
000000261036.jpg,frisbee,frisbee,person,person,person
000000575500.jpg,banana
000000422886.jpg,carrot,person
000000348045.jpg,toilet,toilet,toilet
000000181753.jpg,vase,sofa,sofa,chair,chair,cup,horse
000000453584.jpg,chair,chair,bench
000000376442.jpg,teddy bear,toilet
000000079588.jpg,clock,person,person,person,person
000000520077.jpg,book,book,book,book,book,book,book,book,book,book,book,book,book,mouse,bottle
000000040036.jpg,horse,person
000000418281.jpg,bowl,cow,cow
000000526392.jpg,traffic light,traffic light,traffic light,traffic light,car,car,car
000000001425.jpg,sandwich,bowl
000000239857.jpg,chair,chair,chair,chair,chair,chair,chair,chair,chair,frisbee,person,person,person,person
000000575970.jpg,vase,refrigerator,microwave,pottedplant,chair,chair,chair,bowl,bowl,bowl,bowl,bowl,bowl,bowl,bowl
000000573008.jpg,clock
000000314541.jpg,bench
000000037777.jpg,refrigerator,oven,diningtable,chair,chair,chair,orange,orange,orange,orange,orange,banana
000000290833.jpg,zebra,zebra
000000222118.jpg,handbag,person
000000553990.jpg,horse,person
000000099810.jpg,chair,donut,donut,donut,donut,donut,person
000000150930.jpg,clock
000000305317.jpg,kite,kite,kite,kite,person,person,person,person,person
000000113403.jpg,teddy bear,teddy bear,teddy bear,sofa
000000226903.jpg,cake,cake,cake,cake,cake,sandwich,bottle,bicycle,person
000000485972.jpg,cake,carrot,fork
000000570169.jpg,teddy bear
000000135902.jpg,train,person
000000562448.jpg,bus
000000309938.jpg,book,book,book,book,book
000000452784.jpg,bowl,person
000000544519.jpg,toothbrush,person
000000068833.jpg,refrigerator,microwave,tvmonitor,chair,bowl
000000259382.jpg,giraffe
000000283113.jpg,hot dog,hot dog,cup
000000165831.jpg,diningtable,carrot,carrot,carrot,carrot,carrot,carrot,carrot,carrot,carrot,carrot,carrot,carrot,broccoli,broccoli,broccoli
000000361238.jpg,pottedplant,pizza,cup,cup,bottle,person,person
000000228144.jpg,chair
000000452793.jpg,refrigerator,sink
000000085157.jpg,chair,chair,bowl,cup,cup,cup,cup,cup,person,person,person,person,person,person
000000509735.jpg,giraffe,giraffe,zebra,zebra,zebra
000000239843.jpg,stop sign
000000081766.jpg,dog,dog,dog
000000007386.jpg,dog,bicycle,bicycle
000000411817.jpg,cell phone,remote,tvmonitor,tvmonitor,tvmonitor,tvmonitor,tvmonitor,tvmonitor,person,person,person,person,person,person,person
000000081394.jpg,truck,motorbike,person
000000099428.jpg,cell phone,cell phone
000000453040.jpg,cake,person
000000353096.jpg,keyboard,mouse,tvmonitor
000000245513.jpg,giraffe,bird
000000552775.jpg,oven,spoon,bottle,bottle,bottle,person
000000123585.jpg,bird,bird,bird,bird,bird
000000094852.jpg,elephant,elephant
000000467776.jpg,cow,cow,sheep,sheep,sheep,sheep,sheep
000000501368.jpg
000000163257.jpg,person,person
000000312489.jpg,surfboard,person,person
000000453708.jpg,banana,banana,person,person,person,person,person,person,person,person
000000128658.jpg,diningtable
000000351823.jpg,tennis racket,person
000000119088.jpg,frisbee,person,person,person
000000168458.jpg,vase,vase
000000369675.jpg,train,person,person,person
000000446005.jpg,sink,oven,microwave
000000011699.jpg,suitcase,handbag,person,person,person
000000575243.jpg,umbrella,car,car,car,person
000000348243.jpg,horse
000000367818.jpg,horse,person
000000166664.jpg,elephant,car
000000489339.jpg,surfboard,person
000000087476.jpg,skateboard,person,person,person,person,person,person,person,person
000000169996.jpg,traffic light,traffic light,traffic light,traffic light,truck,truck,car,car,bicycle,bicycle,person,person
000000297343.jpg,stop sign
000000367680.jpg,horse,truck,truck,bus,car,person,person,person
000000251140.jpg,bicycle,bicycle,person,person
000000227985.jpg,diningtable,sandwich,sandwich,knife
000000016249.jpg,bench,bench,person,person,person,person,person
000000529939.jpg,surfboard,surfboard,surfboard,surfboard,surfboard,surfboard,surfboard,snowboard,snowboard,person
000000067180.jpg,bench,person
000000137727.jpg,suitcase,suitcase,suitcase,suitcase,suitcase,backpack,backpack,train,person,person
000000500477.jpg,sheep
000000150726.jpg,giraffe,giraffe
000000093353.jpg,hot dog
000000000139.jpg,vase,vase,vase,clock,refrigerator,tvmonitor,tvmonitor,diningtable,pottedplant,chair,chair,chair,person,person
000000350148.jpg,diningtable,chair,chair,sandwich,knife,fork,cup,car,person,person,person,person
000000183246.jpg,traffic light,traffic light,traffic light,traffic light,traffic light,traffic light,traffic light,traffic light,traffic light,truck,car,car,car,car
000000424721.jpg,carrot,carrot,apple
000000303908.jpg,bench,boat,boat
000000563702.jpg,truck,truck,truck,person
000000148719.jpg,truck,truck,car,car,car,person,person
000000359540.jpg,baseball glove,baseball bat,sports ball,sports ball,person,person,person,person
000000333772.jpg,mouse,tvmonitor,cup,cat
000000291619.jpg,frisbee,person,person
000000431876.jpg,backpack,horse,horse,horse,traffic light,person,person,person,person
000000516916.jpg,keyboard,keyboard,mouse,laptop,laptop,laptop,tvmonitor,tvmonitor,chair
000000045070.jpg,person
000000024243.jpg,cup,cup,person,person,person,person,person,person
000000148739.jpg,surfboard,person
000000528977.jpg
000000054123.jpg,zebra,zebra,zebra,zebra,zebra
000000404601.jpg,traffic light
000000225946.jpg,stop sign,train
000000374369.jpg,skis,person
000000213086.jpg,oven,person
000000512403.jpg,vase,book
000000320425.jpg,giraffe,giraffe,giraffe,giraffe,giraffe,giraffe,giraffe
000000576031.jpg,skis,person,person,person,person
000000213171.jpg,baseball glove,person
000000163258.jpg,sink,toilet
000000296317.jpg,giraffe,giraffe,giraffe
000000270402.jpg,elephant,elephant
000000191672.jpg,surfboard,person
000000231125.jpg,donut,donut,donut,donut,donut,person
000000075612.jpg,remote,remote,remote,tvmonitor,chair,person,person,person,person,person,person,person,person,person,person
000000479155.jpg,apple,apple,apple,handbag,person,person,person,person,person,person
000000255749.jpg,bus,person,person,person,person
000000214720.jpg,diningtable,pottedplant,pottedplant,pottedplant,sofa,chair,cake,spoon,knife,person
000000478721.jpg,truck,car,truck,car,car,car,person,person,person,person
000000269866.jpg,oven
000000177539.jpg,person
000000123131.jpg,truck,truck,truck
000000580197.jpg,tie,tie,person,person,person
000000307145.jpg,oven,oven
000000212226.jpg,person
000000407002.jpg,skis,person
000000485027.jpg,tennis racket,sports ball,person
000000427649.jpg,boat
000000508312.jpg,oven,oven
000000008277.jpg,broccoli,broccoli,fork
000000116206.jpg,diningtable,carrot,knife,cup
000000332845.jpg,laptop,bed,chair,person
000000136033.jpg,sink,pottedplant
000000125257.jpg,snowboard,person
000000270677.jpg,skateboard,person
000000537053.jpg,giraffe
000000404479.jpg,aeroplane
000000127517.jpg,surfboard,surfboard,surfboard,surfboard,surfboard,surfboard,surfboard,surfboard
000000551794.jpg,backpack,motorbike,person
000000338325.jpg,aeroplane
000000485130.jpg,cake
000000047769.jpg,tvmonitor,tvmonitor,sofa,chair
000000421757.jpg,boat,boat
000000283717.jpg,microwave,cup
000000023899.jpg,remote,remote,remote,person,person,person
000000473406.jpg,sink,cup,bottle,bottle,person
000000350607.jpg,bench
000000578489.jpg,remote,bottle,person,person,person,person,person,person
000000401862.jpg,truck,person,person,person,person,person,person,person
000000393282.jpg,giraffe,giraffe
000000290163.jpg,diningtable,pizza,bowl,bowl,bowl,bowl,bowl,person,person
000000191471.jpg,stop sign
000000185802.jpg,chair,chair
000000334719.jpg,frisbee,person,person,person,person,person,person
000000156278.jpg,clock,sink,sink,oven,chair,chair,bowl,bowl,bowl,knife,knife,knife,knife,knife,knife
000000276720.jpg,stop sign,truck,car,car
000000112378.jpg,chair,banana,banana,banana,banana
000000291634.jpg,motorbike,bicycle,person,person,person,person,person,person,person,person,person
000000273420.jpg,chair,cup,car,person
000000345027.jpg,kite,bench,boat,boat,truck,motorbike,person,person,person,person
000000017207.jpg,truck,bus,motorbike,car,person
000000297830.jpg,bottle,dog
000000050326.jpg,person
000000581357.jpg,skateboard,person,person,person,person,person,person,person,person
000000325347.jpg,chair,chair,bottle,tennis racket,backpack,backpack,person,person
000000519208.jpg,elephant,elephant,person
000000064574.jpg
000000049759.jpg,sports ball,person,person,person,person,person,person,person,person,person,person,person,person,person,person
000000385190.jpg,person,person,person
000000422706.jpg,boat,person
000000324614.jpg,toothbrush,person
000000167902.jpg
000000031248.jpg,vase,book,book,pottedplant,sofa,sofa,chair
000000201148.jpg,traffic light,train
000000441543.jpg,cell phone,umbrella,backpack,person,person,person,person,person,person,person,person,person,person,person
000000069213.jpg,motorbike,person,person,person,person,person,person
000000376307.jpg,chair,person,person,person
000000333697.jpg,stop sign
000000568290.jpg,truck,bus,motorbike,motorbike,car,person,person
000000363875.jpg,motorbike,person
000000419201.jpg,cow,cow,horse,bird,bird,bird
000000180878.jpg,cell phone,cake,car
000000456662.jpg,refrigerator,person
000000002153.jpg,baseball bat,person,person,person,person
000000466256.jpg,carrot,carrot,carrot,carrot,fork
000000536947.jpg,refrigerator
000000546626.jpg,cell phone,diningtable,apple,cup,bottle
000000433243.jpg,giraffe,zebra
000000134689.jpg,giraffe
000000271728.jpg,book,book,cell phone,remote,laptop,sofa,cup,cat
000000308793.jpg,skis,person
000000189698.jpg,truck,car
000000160728.jpg,boat,surfboard,boat,boat,boat,boat,boat,boat,person,person,person,person,person,person,person
000000284764.jpg,knife,cup,person
000000065485.jpg,dog,car,truck
000000377882.jpg
000000366199.jpg,cat
000000006763.jpg,tvmonitor,person,person,person
000000427055.jpg,clock,car,car,car,car,car,car
000000031050.jpg,vase
000000549738.jpg,kite,car,car,car,car,person,person,person
000000365886.jpg,cell phone,person
000000157418.jpg,sandwich,sandwich,bowl,bowl,bowl,cup,bottle
000000391144.jpg,elephant,elephant,elephant,elephant,elephant,elephant
000000068409.jpg,tie,tie,person,person,person,person,person,person
000000366884.jpg,tvmonitor,suitcase,dog,person
000000579893.jpg,stop sign
000000132116.jpg,diningtable,broccoli,broccoli,bowl,bowl
000000211069.jpg,giraffe,giraffe
000000106048.jpg,bus
000000144784.jpg
000000192670.jpg,chair,baseball glove,baseball bat,sports ball,car,car,car,car,person,person,person,person,person,person
000000104669.jpg,carrot,carrot,carrot,broccoli,broccoli,fork,fork,person
000000140203.jpg,truck,person,person,person
000000089045.jpg,pottedplant,sofa
000000507575.jpg,book,cell phone,keyboard,mouse,laptop,laptop
000000317999.jpg,book
000000498807.jpg,surfboard,person
000000350003.jpg,truck,car,person,person
000000415748.jpg,elephant,person
000000322163.jpg,remote,pottedplant,bowl,bottle,bottle,person,person,person,person,person,person
000000050828.jpg,bed,chair,suitcase
000000550714.jpg,banana,person
000000564023.jpg,toilet
000000393014.jpg,sandwich,sandwich
000000356248.jpg,pottedplant,pottedplant,pottedplant,chair,chair,spoon,cup,cup,cup,bottle,bottle,person,person,person,person
000000343803.jpg,frisbee,person
000000346968.jpg,book,book,book,book,book,cell phone,person
000000360943.jpg,cat
000000320664.jpg,diningtable,hot dog,spoon,fork,knife,fork
000000180135.jpg,skateboard,person
000000530836.jpg,refrigerator,refrigerator,oven,bowl,bowl,bottle
000000187055.jpg,tennis racket,sports ball,sports ball,person
000000170893.jpg,toilet,dog
000000231169.jpg,train
000000261097.jpg,tennis racket,person,person,person,person,person,person,person,person,person,person,person
000000325838.jpg,keyboard,mouse,laptop,laptop,laptop,diningtable,chair,chair,chair,chair,person
000000548524.jpg,surfboard,person
000000280918.jpg,oven,person,person
000000205401.jpg,boat,aeroplane
000000189828.jpg,aeroplane
000000244379.jpg,traffic light,traffic light
000000118515.jpg,cat
000000094944.jpg,snowboard,person,person,person
000000415238.jpg,vase,chair
000000509719.jpg,bird
000000102707.jpg,oven,cup,bottle
000000363666.jpg,diningtable,diningtable,diningtable,chair,chair,chair,chair,donut,donut,donut,sandwich,sandwich,sandwich,knife,fork,fork,cup,cup,cup,cup,cup,cup,cup,person,person,person,person,person,person
000000182923.jpg,tie,person,person,person,person,person,person,person,person,person,person,person,person,person,person,person,person,person,person,person
000000223090.jpg,carrot,carrot
000000309173.jpg,stop sign
000000059044.jpg,remote,remote,person,person,person,person,person,person,person,person,person,person,person
000000511453.jpg,diningtable,pizza,bottle,bottle
000000165257.jpg,sink
000000270122.jpg,person
000000569059.jpg,keyboard,mouse,tvmonitor,chair,person
000000470779.jpg,snowboard,person,person,person,person,person
000000441586.jpg,bicycle,bicycle,person,person,person,person
000000317433.jpg,horse,horse,person
000000323799.jpg,frisbee,frisbee,frisbee,frisbee,person,person,person,person,person,person,person,person,person,person
000000031217.jpg,tennis racket,sports ball,person
000000079014.jpg,person
000000165713.jpg,fire hydrant
000000206411.jpg,toilet
000000271997.jpg,tie,person
000000364557.jpg,surfboard,surfboard,person,person
000000429598.jpg,refrigerator,sink,oven,bottle
000000110359.jpg,aeroplane
000000199551.jpg,bed,person
000000292997.jpg,traffic light,traffic light,traffic light,truck,truck,car,car,car,person
000000512929.jpg,oven,spoon,person,person
000000054967.jpg,traffic light,traffic light,traffic light,truck,bus,car,car,car,car,car,car,car,car,car,car,car,person
000000506707.jpg,baseball glove,car,person,person,person,person,person,person,person,person
000000522393.jpg,boat,person,person
000000051738.jpg,bed,chair,suitcase
000000327306.jpg,skateboard,person
000000347930.jpg,sofa,sports ball,dog
000000413689.jpg,handbag,umbrella,umbrella,traffic light,car,car,bicycle,person,person,person,person,person,person,person
000000463037.jpg,aeroplane
000000181499.jpg,laptop
000000358195.jpg,skateboard,person
000000417779.jpg,fire hydrant,car,car,person
000000242934.jpg,sofa,chair,chair
000000375469.jpg,surfboard,person,person
000000095843.jpg,bus
000000503855.jpg,umbrella,umbrella,umbrella,umbrella,umbrella,umbrella,person,person,person,person,person,person,person,person
000000376206.jpg,surfboard,person
000000383842.jpg,remote,remote,laptop,tie,tie,tie,handbag,person,person,person,person,person,person
000000415536.jpg,bus
000000434996.jpg,teddy bear,teddy bear,bed,cat
000000285788.jpg,giraffe,giraffe,giraffe,bird
000000064718.jpg,tennis racket,sports ball,person
000000287291.jpg,handbag,traffic light,truck,car,car,car,car,car,car,car,person,person,person,person
000000382111.jpg,horse,horse,truck,car,car,car,car,person,person
000000475779.jpg,elephant
000000435205.jpg,teddy bear
000000179392.jpg,cat
000000242724.jpg,horse,horse,person,person
000000272212.jpg,cow,cow
000000355610.jpg,teddy bear,teddy bear
000000252716.jpg,frisbee,person
000000010707.jpg,remote,remote,laptop,sofa,cup,bottle,person,person,person
000000100489.jpg,bird
000000458223.jpg,boat,boat,person
000000261161.jpg,dog,bench
000000099053.jpg,carrot,carrot,broccoli,broccoli,bowl,spoon
000000000885.jpg,tennis racket,person,person,person,person,person,person,person
000000260105.jpg,diningtable,pizza,spoon,fork,cup
000000532530.jpg,person,person,person
000000269942.jpg,traffic light,traffic light,traffic light,car,car,car
000000447313.jpg,zebra,zebra
000000319100.jpg,book,remote,remote,sofa,person,person
000000565853.jpg,tvmonitor,pottedplant,bottle,bottle,bottle,person
000000571313.jpg,refrigerator,keyboard,mouse,bed
000000012062.jpg,sheep,sheep
000000049259.jpg,person
000000085665.jpg,kite
000000436617.jpg,diningtable,chair,chair,wine glass,wine glass,wine glass,wine glass,person,person,person,person,person,person,person,person,person,person
000000179898.jpg,book,diningtable,chair,chair,chair,chair,hot dog,hot dog,backpack,person,person,person,person,person,person,person
000000565045.jpg,person
000000172946.jpg,remote,remote,remote,person,person,person,person,person,person,person
000000374982.jpg,diningtable,chair,chair,chair,pizza,cup,cup,person,person
000000069224.jpg,chair,chair,chair,donut,bottle,person,person
000000299553.jpg,kite,person,person,person,person,person
000000078915.jpg,chair,chair,chair,chair,chair,chair,chair,tennis racket,sports ball,person,person,person,person,person,person,person,person,person
000000229111.jpg,remote,remote,person
000000442161.jpg,wine glass,wine glass,wine glass,person,person,person,person
000000306700.jpg,pizza,fork,fork,person
000000212453.jpg,toilet,person,person,person,person
000000227898.jpg,horse,car,person,person,person,person,person
000000021903.jpg,elephant,person,person
000000132796.jpg,backpack,elephant,bench,bench,person,person,person
000000017714.jpg,diningtable,banana,banana,banana,banana,banana,spoon,knife,knife,fork,fork,cup,cup
000000578967.jpg,train
000000105455.jpg,clock,clock,car
000000515025.jpg,cup,bottle,cat,bench,truck,car,car,person
000000559956.jpg,bottle,bottle,sheep,sheep,person,person,person
000000498709.jpg,motorbike,car,car,car
000000283412.jpg,cup,dog
000000192191.jpg,oven,pizza
000000241668.jpg,cake,person,person
000000460682.jpg,horse
000000569825.jpg,baseball glove,person
000000011813.jpg
000000297595.jpg,surfboard,person
000000416745.jpg,sink,toilet
000000419098.jpg,scissors
000000491683.jpg,horse
000000105912.jpg,fire hydrant,bus,bus,car,car,person,person,person,person,person,person,person,person,person,person
000000209757.jpg,skateboard,person,person,person
000000378673.jpg,skateboard,person,person,person,person,person,person,person
000000492968.jpg,snowboard,person
000000410487.jpg,oven
000000323355.jpg,pizza,person
000000321118.jpg,mouse,laptop,cat
000000236166.jpg,person
000000534041.jpg,chair,bottle,bench,person,person,person
000000484415.jpg
000000159112.jpg,pizza,orange
000000453341.jpg,vase,tvmonitor,horse
000000453166.jpg,tie,tie,tie,tie,person,person,person,person
000000090284.jpg,tennis racket,person
000000119038.jpg,cow,cow,cow
000000274272.jpg,traffic light,traffic light,bus,car,car,person,person
000000215259.jpg,remote,remote,person,person
000000179765.jpg,motorbike
000000419601.jpg,book,book,sofa,sofa,chair
000000459809.jpg,boat,person,person,person,person,person,person
000000273617.jpg,stop sign
000000084031.jpg,baseball glove,person,person,person,person,person,person,person,person
000000289594.jpg,car,car,person
000000087038.jpg,skateboard,skateboard,bicycle,person,person,person,person,person,person,person,person,person,person
000000434548.jpg,baseball glove,person
000000548267.jpg,sheep,sheep,sheep,sheep,sheep,sheep,sheep,sheep,sheep,sheep,sheep,sheep
000000129756.jpg,sheep,sheep,sheep,sheep,sheep,sheep,dog,dog,person,person
000000504580.jpg,giraffe,giraffe
000000061584.jpg,pottedplant,chair,chair,chair,horse,person
000000259597.jpg,cell phone,person,person,person,person,person,person,person,person,person
000000507037.jpg,handbag,backpack,backpack,bicycle,bicycle,person,person,person,person,person,person,person,person,person,person,person,person,person,person
000000116479.jpg
000000322944.jpg,teddy bear,person
000000008844.jpg,person,person
000000401250.jpg,skis,person
000000076261.jpg,bird,bird
000000248752.jpg,baseball bat,person
000000255401.jpg,sink,toilet,toilet
000000208423.jpg,kite,kite,kite,kite,car,car,car,car,car
000000294855.jpg,bottle,suitcase
000000215644.jpg,toaster,microwave
000000214205.jpg,aeroplane
000000187249.jpg,person
000000230819.jpg,surfboard,person
000000088345.jpg,clock,person,person
000000274708.jpg,skis,person,person,person,person,person
000000073946.jpg,surfboard,person,person
000000441491.jpg,pizza,cup,person,person,person
000000141328.jpg,broccoli,broccoli,broccoli,broccoli,broccoli,broccoli,broccoli,broccoli,bowl
000000324715.jpg,scissors,laptop
000000480275.jpg,banana,banana,banana,banana
000000447522.jpg,carrot,broccoli,broccoli,broccoli,broccoli,broccoli,broccoli
000000209829.jpg,person,person,person
000000306136.jpg,bus,bicycle,person,person,person
000000261116.jpg,cake,cake,cake,fork,person
000000280891.jpg,orange,orange,orange,orange,orange,orange,orange,orange,orange,orange,orange,orange,orange,apple,apple,apple,apple,apple,apple,bottle,person,person,person,person
000000243204.jpg,cake
000000286994.jpg,elephant,elephant,elephant,elephant,elephant,elephant,elephant,elephant,elephant
000000326128.jpg,snowboard,person
000000109916.jpg,oven,cake,bottle
000000155051.jpg,clock
000000311883.jpg,traffic light,traffic light,traffic light,train
000000475732.jpg,cat
000000049761.jpg,zebra,zebra,zebra,zebra,bird
000000312406.jpg,banana,bowl,cup
000000557916.jpg,teddy bear,vase,bed,person
000000050943.jpg,surfboard,person
000000441247.jpg,clock,refrigerator,sofa,sofa,chair,chair,chair,bottle,bottle,bottle,handbag,person,person
000000240767.jpg
000000087470.jpg,cow,cow,cow,cow,cow,cow,cow,horse,horse,person,person
000000522940.jpg,stop sign
000000085911.jpg,kite
000000102805.jpg,frisbee,truck,car,car,car,car,person,person
000000289992.jpg,sink
000000157124.jpg,sink
000000572555.jpg,train
000000074457.jpg,person,surfboard,person
000000159399.jpg,kite,backpack,person,person,person,person,person,person
000000184321.jpg,train
000000107226.jpg,umbrella,umbrella,dog,bicycle,person,person,person,person,person,person
000000338428.jpg,truck,truck,truck
000000131431.jpg,clock
000000074646.jpg,cup,kite,person,person,person
000000113867.jpg,clock
000000474293.jpg,teddy bear,teddy bear,teddy bear,teddy bear,teddy bear,teddy bear,teddy bear,person
000000270908.jpg,tennis racket,person
000000552883.jpg,sink
000000177213.jpg,diningtable,pizza,fork,cup,cup,person
000000255965.jpg,cat
000000092091.jpg,toothbrush,teddy bear,tvmonitor,chair,chair,person
000000391290.jpg,frisbee,car,person,person,person
000000173799.jpg,elephant,elephant,elephant,elephant,elephant,elephant,elephant,elephant,elephant,elephant,elephant,elephant,person,person
000000142472.jpg,bus,car,car,car,car,person,person,person,person
000000279774.jpg,chair,baseball bat,person,person,person,person,person,person
000000531771.jpg,oven
000000175364.jpg,sink,toaster,oven,oven,diningtable,bowl,cup,cup
000000521231.jpg,bear
000000051938.jpg,person,person,person,person,person,person,person,person
000000115885.jpg,laptop,cat
000000139077.jpg,remote,tvmonitor,person
000000050331.jpg,broccoli,broccoli
000000234413.jpg,toilet
000000463842.jpg,bottle,bottle,bottle,bottle,bottle,bottle,bottle,bottle,bottle,bottle,bottle,bottle,bottle,bottle,bottle,bottle,bottle,bottle
000000092839.jpg,bear
000000334555.jpg,cow,truck,car,car,person,person,person,person,person,person,person,person,person,person,person,person
000000521052.jpg,truck,car
000000237316.jpg,sink,toilet
000000414034.jpg,remote,bottle,person
000000094326.jpg,bench
000000476258.jpg,skateboard,person
000000517056.jpg,diningtable,chair,cake,cake,knife,knife,knife,cup,person,person
000000485895.jpg,giraffe
000000420230.jpg,elephant
000000505451.jpg,person
000000473118.jpg,skateboard,bicycle,person
000000269932.jpg,chair,horse
000000551304.jpg,toilet
000000569030.jpg,bench,fire hydrant,traffic light,traffic light,truck,car,car,person,person,person,person,person
000000572408.jpg,cow,cow,cow,cow
000000508370.jpg,teddy bear,cup,bicycle,person,person
000000296224.jpg,bus,car,person
000000200252.jpg,bed
000000007511.jpg,kite,person,person,person,person,person
000000429761.jpg,tennis racket,tennis racket,person,person
000000315219.jpg
000000072852.jpg,bicycle,person,person
000000576566.jpg,skateboard,person
000000168883.jpg,cell phone,handbag,person,person,person,person
000000125572.jpg,clock,clock,traffic light,truck,truck,bus,bus,bus,motorbike,bicycle,person,person,person,person,person,person,person
000000156292.jpg,clock,clock,clock,clock,clock,clock,handbag,person
000000259097.jpg,frisbee,person
000000005193.jpg,cell phone,bottle,surfboard,surfboard,person,person,person,person,person,person
000000572620.jpg,skateboard,person,person,person,person,person,person,person,person,person,person,person,person,person,person
000000121153.jpg
000000164969.jpg,pizza
000000494863.jpg,train
000000294350.jpg,person,person,person,person,person
000000159458.jpg,bed,chair,dog
000000219578.jpg,sofa,cat
000000568195.jpg,clock,diningtable,cake,bowl,fork,person,person,person
000000178618.jpg,elephant
000000429623.jpg,diningtable,chair,pizza
000000579818.jpg,train,person
000000474021.jpg,book,book,book,book,book,book,book,remote,remote,remote,person,person,person
000000116068.jpg,kite,person,person,person,person
000000173830.jpg,person
000000321214.jpg,cake,person
000000333745.jpg,chair,chair,umbrella,bus,person,person
000000328959.jpg,toilet
000000130566.jpg,train
000000233370.jpg,suitcase
000000263403.jpg,surfboard,person
000000527784.jpg,sandwich,sandwich,sandwich,spoon,bottle,bottle,bottle
000000223130.jpg,giraffe
000000331317.jpg
000000417632.jpg,cup,cup,wine glass,wine glass,wine glass,bottle,bottle,bottle,tie,person,person
000000232088.jpg,tvmonitor,sofa,chair
000000331569.jpg,cup
000000262048.jpg,umbrella,person,person,person,person,person,person,person
000000052413.jpg,cell phone,cup
000000016598.jpg,cell phone,person
000000034139.jpg,suitcase,handbag,person,person
000000123321.jpg,broccoli,broccoli,broccoli,broccoli,broccoli,broccoli,broccoli,broccoli,broccoli,broccoli,bowl
000000112298.jpg,bottle,bottle,tennis racket,person
000000294162.jpg,mouse,laptop
000000093261.jpg,kite,person
000000386879.jpg,tennis racket,person
000000064495.jpg,parking meter
000000140286.jpg,horse,person,person
000000383386.jpg,teddy bear,teddy bear,teddy bear
000000359135.jpg,elephant,elephant
000000080413.jpg,teddy bear
000000392818.jpg,dog
000000246963.jpg,stop sign,motorbike,motorbike,motorbike,motorbike,motorbike,person,person,person,person,person
000000200961.jpg,frisbee,truck,truck,car,person,person
000000212072.jpg,stop sign
000000188592.jpg,apple,person
000000472030.jpg,backpack,bench
000000460379.jpg,giraffe,giraffe,giraffe
000000554156.jpg,tennis racket,person
000000306733.jpg,toilet,pottedplant,bottle,bottle,bottle
000000431140.jpg,sink,toilet,toilet
000000357903.jpg,pizza,pizza
000000257478.jpg,baseball glove,person
000000492110.jpg,cell phone,laptop,chair,chair,chair,cup,person,person,person
000000551215.jpg,tennis racket,person
000000261796.jpg
000000515828.jpg,chair,chair,bottle,bottle,tennis racket,backpack,person,person
000000015335.jpg,cup,person,person,person,person
000000550084.jpg
000000207306.jpg,teddy bear,traffic light,person
000000252216.jpg,horse,horse
000000326541.jpg,cell phone,cell phone,person,person,person
000000117744.jpg,tennis racket,person
000000344888.jpg,horse,horse,car,car
000000168593.jpg,refrigerator,refrigerator,chair
000000556158.jpg,skis,person
000000135410.jpg,parking meter,motorbike,car,car,car
000000538364.jpg,handbag,bench,motorbike,car,car,car,person,person,person,person
000000419653.jpg,vase,microwave,microwave,tvmonitor,pottedplant,chair,chair,bowl,bowl,bottle,bottle,bottle
000000389933.jpg,sofa,dog
000000402433.jpg,pizza
000000272049.jpg,truck,aeroplane,person,person
000000455597.jpg,bowl,bowl,bowl,spoon,spoon,person
000000232646.jpg,stop sign
000000087875.jpg,fire hydrant
000000430973.jpg,oven,diningtable,pizza,apple
000000455219.jpg,cow,cow,person,person
000000507893.jpg,sink,toilet
000000370900.jpg,teddy bear,teddy bear
000000424975.jpg,car,person,person,person
000000049060.jpg,train,person,person,person,person
000000180751.jpg,microwave,bowl,wine glass,wine glass,bottle,bottle,bottle,bottle,bottle,bottle,bottle,bottle,bottle,bottle,bottle,bottle,person
000000137106.jpg
000000195045.jpg,bench,bench
000000001353.jpg,suitcase,person,person,person,person
000000389381.jpg,broccoli,bowl,bowl
000000265108.jpg,suitcase,umbrella
000000115898.jpg,surfboard,person
000000074256.jpg,cell phone,cell phone,handbag,person,person,person,person
000000120584.jpg,clock
000000488075.jpg,refrigerator,oven,microwave,chair,bottle,bottle
000000284445.jpg,traffic light,traffic light,traffic light,traffic light,traffic light,bus,person,person,person,person,person,person,person,person,person,person
000000479912.jpg,truck,aeroplane,person,person
000000416758.jpg,cow,cow,cow,cow
000000151820.jpg,chair,chair,chair,chair,chair,chair,chair,cup,cup,wine glass,wine glass,wine glass,wine glass,bottle,handbag,person,person,person,person,person,person,person
000000109827.jpg,teddy bear
000000085478.jpg,bear,bear
000000154000.jpg,truck,truck
000000261318.jpg,cell phone,suitcase,suitcase,person
000000003255.jpg,person,person,person,person,person
000000463647.jpg,truck,truck
000000409475.jpg,person,person
000000182162.jpg,remote,remote,laptop,sofa,handbag,backpack,dog
000000081061.jpg,sofa,chair,suitcase
000000178744.jpg,boat,person,person,person,person,person,person,person
000000180188.jpg,train
000000458045.jpg,baseball glove,baseball bat,car,person,person,person,person,person,person,person
000000255917.jpg,car,car,car,car,car,car,car,car,car
000000432085.jpg,mouse,sandwich,sandwich,bottle,person
000000107851.jpg,elephant,elephant,elephant,elephant,person,person,person,person,person
000000143998.jpg,carrot,carrot,knife
000000243344.jpg,refrigerator,cat
000000162581.jpg,tennis racket,person
000000070254.jpg,handbag,handbag,bench,bench,train,person,person,person,person,person,person,person
000000127660.jpg,suitcase,person
000000333402.jpg,bus,car,person,person,person
000000114049.jpg,suitcase,suitcase,backpack,person,person,person
000000513567.jpg,hot dog,hot dog,handbag,handbag,backpack,car,person,person,person,person,person,person,person,person,person
000000138954.jpg,diningtable,apple
000000253452.jpg,diningtable,donut,donut,donut,donut,fork,cup,cup
000000056350.jpg,toilet
000000409424.jpg,orange,orange,orange,apple,apple,apple
000000055002.jpg,toilet,person
000000396274.jpg
000000266400.jpg,motorbike,motorbike,motorbike,motorbike,motorbike,person,person
000000459467.jpg,aeroplane
000000171611.jpg,dog,boat,boat,boat,person
000000036678.jpg,clock,clock,boat,boat,boat,boat
000000227491.jpg,donut,bottle,person
000000290081.jpg,orange,orange,orange,bowl
000000082085.jpg,train,person,person,person
000000304560.jpg,cat
000000549167.jpg,diningtable,broccoli
000000438226.jpg,diningtable,sandwich,sandwich,fork,wine glass
000000304365.jpg,train,person
000000293300.jpg,elephant,elephant
000000253819.jpg,skateboard,person
000000233238.jpg,diningtable,chair,bowl,bottle,bottle,bottle,bottle,bottle,bottle,person,person,person,person
000000165500.jpg,bear,bear,bear
000000222559.jpg,boat,boat,boat,boat,boat,boat,person,person,person,person,person,person,person
000000162858.jpg,traffic light,traffic light,car,car,car,car,car,car,car,car,car,car,car,person
000000055299.jpg,chair,umbrella,umbrella,bird,bird
000000492282.jpg,horse,horse,horse,person,person,person,person
000000532690.jpg,remote,sofa,person,person,person,person
000000188689.jpg,boat
000000248631.jpg,mouse,laptop
000000478286.jpg,train
000000303566.jpg,apple,apple,apple,apple,backpack,car,person,person,person,person,person,person,person,person,person,person,person,person
000000136334.jpg,skis,person,person
000000052591.jpg,person
000000163562.jpg,frisbee,person
000000352618.jpg,orange,bowl
000000023937.jpg,cow,cow,cow,cow,cow
000000488673.jpg,chair,donut,bowl,cup,cup,wine glass,person,person
000000370478.jpg,book,book,book,book,book,book,book,book,book,laptop,suitcase,backpack
000000505565.jpg,bird,bird,bird
000000448810.jpg,person
000000186624.jpg,train,train,person
000000331280.jpg,horse,horse,person,person,person,person,person,person,person,person,person,person,person,person,person,person
000000116589.jpg,zebra,zebra
000000420472.jpg,giraffe,giraffe
000000400922.jpg,clock,aeroplane
000000013597.jpg,cake,diningtable
000000402473.jpg,cat,cat
000000172617.jpg,book,suitcase,book,suitcase,book,book,book,suitcase,person
000000098497.jpg
000000347456.jpg,elephant,elephant
000000293804.jpg,pottedplant,pottedplant,sofa,sofa
000000179285.jpg,tennis racket,sports ball
000000183391.jpg,chair,chair,chair,chair,chair,chair,chair,chair,chair,tennis racket,person,person,person,person,person,person,person,person,person
000000109441.jpg,fire hydrant,traffic light,traffic light,traffic light,traffic light,traffic light,traffic light
000000232684.jpg,laptop,person
000000336658.jpg,bus,bus,bus,car,car,person,person,person,person,person
000000480842.jpg,giraffe
000000273132.jpg,person
000000259690.jpg,baseball bat,car,car,car,person,person,person,person,person,person,person,person,person,person
000000210915.jpg,person
000000560371.jpg
000000568147.jpg,parking meter,car,car,person,person,person,person
000000573943.jpg,truck,truck,truck,truck,truck,truck,truck,truck,truck,truck
000000485424.jpg,oven,cup,bottle,bottle,bottle,bottle,bottle
000000442009.jpg,vase,sink
000000005477.jpg,aeroplane,aeroplane
000000463527.jpg,carrot,sandwich,sandwich,bowl,cup,bottle,bottle
000000385029.jpg,diningtable,pizza,spoon,spoon,wine glass,wine glass,bottle,bottle
000000437239.jpg,frisbee,frisbee,frisbee,backpack,bench,car,car,car,person,person,person,person
000000415990.jpg,cow,cow,cow,cow,cow,cow,cow,cow,cow,cow,person,cow,cow,person
000000265518.jpg,diningtable,pizza,spoon,fork,cup
000000119641.jpg,elephant,elephant,elephant,elephant,elephant,elephant,person,person,person,person,person,person,person,person,person,person,person,person
000000558421.jpg,train
000000248112.jpg,tennis racket,tennis racket,person,person
000000192964.jpg,skateboard,person
000000166259.jpg,bird,bird,bird,bird
000000190637.jpg,remote,remote
000000444879.jpg,train
000000102644.jpg,toilet
000000232692.jpg,surfboard,person,person,person,person,person,person
000000064359.jpg,giraffe,giraffe,giraffe,giraffe,zebra,zebra,zebra
000000435208.jpg,keyboard,laptop,tvmonitor,sofa,chair,person
000000561679.jpg,car
000000172571.jpg,pizza,knife,knife,fork,cup,wine glass
000000295713.jpg,cell phone,handbag,bench,bench,person,person,person,person,person,person,person,person
000000444142.jpg,chair,chair,chair,chair,chair,chair,chair,chair,chair,chair,chair,chair,tennis racket,person
000000383838.jpg,remote,person,person
000000087144.jpg,bench,car,person,person,person
000000167122.jpg,car,car
000000133819.jpg,traffic light,traffic light,traffic light,bus,bus,bus,person,person,person,person,person,person,person
000000403122.jpg,tennis racket,sports ball,person,person,person,person,person,person,person,person
000000003156.jpg,toilet,person
000000268831.jpg,sink,toilet,toilet
000000353180.jpg,bus,person,person,person,person,person,person,person,person,person
000000172977.jpg,zebra
000000151857.jpg,train
000000234807.jpg,horse,horse,horse
000000025603.jpg,book,diningtable,chair,chair,chair,chair,chair,chair,pizza,cup,cup,person,person
000000401244.jpg,frisbee,person
000000464089.jpg,baseball glove,baseball bat,baseball bat,sports ball,person,person,person,person,person
000000018737.jpg,motorbike
000000199055.jpg,cell phone,skateboard,person
000000498857.jpg,giraffe
000000182611.jpg,oven,bowl,bowl,bowl,bowl,bowl,bowl,bowl,bowl,bowl,spoon,bottle,bottle,bottle,person,person
000000283785.jpg,teddy bear,teddy bear,teddy bear,book,person,person,person,person,person
000000297562.jpg,chair,person,person,person,person,person,person
000000145781.jpg,bottle,dog
000000493284.jpg,elephant,elephant,elephant,elephant
000000189310.jpg,chair
000000308391.jpg
000000164115.jpg,surfboard
000000206487.jpg,truck,bus,motorbike,car,car,car,person
000000193494.jpg,bed
000000574810.jpg,cat
000000301867.jpg,handbag,handbag,handbag,umbrella,person,person,person
000000368684.jpg,book,book,book,book,book,laptop,tvmonitor,chair
000000300155.jpg,bird
000000382125.jpg,diningtable,chair,chair,chair,chair,chair,pizza,cup,cup,cup,cup,cup,person,person,person,person,person,person,person,person,person
000000313562.jpg,person,person,person
000000061333.jpg,cat
000000025096.jpg,diningtable,knife,person
000000017905.jpg,traffic light,person
000000185250.jpg,frisbee,frisbee,dog,person
000000032610.jpg,laptop,laptop,laptop,laptop,laptop,laptop,backpack
000000577584.jpg,microwave
000000312237.jpg,person,person,person,person,person
000000294783.jpg,book,book,book,bed
000000331604.jpg,surfboard,kite,person
000000563349.jpg,snowboard,person
000000173008.jpg,microwave,banana,bowl,person
000000218424.jpg,zebra,zebra,zebra
000000212895.jpg,giraffe
000000552371.jpg,horse
000000110972.jpg,bear
000000468505.jpg,diningtable,hot dog,hot dog,hot dog,hot dog,cup,cup,bottle,bottle,bottle,person
000000529528.jpg,remote,bowl
000000469246.jpg,suitcase,train,person,person,person,person
000000345261.jpg,giraffe,giraffe
000000180792.jpg,toilet
000000281032.jpg,person
000000238410.jpg,pottedplant,chair,chair,person,chair,chair,cup,wine glass,wine glass,wine glass,wine glass,wine glass,bottle,umbrella,person,person,person,person,person,person
000000237517.jpg,diningtable,chair,bowl,bowl,bowl,spoon,knife
000000579655.jpg,bowl,cup,cup,cup,cup,cup,cup,cup,cup,cup,cup,cup,person
000000378284.jpg,diningtable,pizza,person
000000475678.jpg,suitcase,suitcase,suitcase,suitcase,suitcase,suitcase,suitcase,suitcase,suitcase,suitcase
000000334483.jpg,diningtable,cake,cake,cake,cake,cake,cake,fork,fork,handbag,person,person,person,person,person
000000379800.jpg,stop sign,train,car,car
000000060449.jpg,laptop,diningtable
000000230362.jpg,boat,boat,boat,boat,boat
000000316054.jpg,train,train,train,person
000000287649.jpg,keyboard,cat
000000414795.jpg,elephant,elephant,elephant,elephant,elephant,elephant,elephant,elephant,elephant,elephant,elephant,elephant,elephant,elephant,elephant,elephant,elephant,elephant,elephant,elephant,elephant,person,person,person,person,person,person
000000172877.jpg,bottle,bottle,person
000000572956.jpg,motorbike,motorbike,motorbike,motorbike,motorbike,motorbike
000000500049.jpg
000000058384.jpg,elephant,elephant,elephant,train
000000472678.jpg,book,keyboard,mouse,tvmonitor,tvmonitor,bottle
000000062808.jpg,cell phone,diningtable,chair,chair,pizza,bottle,person,person
000000296657.jpg,tie,tie,person,person,person,person,person,person
000000459195.jpg,frisbee,frisbee,person,person,person
000000375430.jpg,chair,chair
000000343453.jpg,skis,person
000000484760.jpg,clock
000000082180.jpg,teddy bear,teddy bear,bench
000000150417.jpg,refrigerator,chair,cake,bowl,cup,cup,person,person
000000542625.jpg,bird,parking meter,traffic light,traffic light,traffic light,truck,car,car,car
000000289059.jpg,tennis racket,person,person
000000364322.jpg,sheep,sheep,sheep,sheep,sheep,sheep,sheep,sheep,sheep,sheep,sheep,sheep,sheep,sheep,sheep
000000014439.jpg,chair,backpack,backpack,person,person,person,person,person,person,person,person,person,person,person,person,person
000000279541.jpg,pizza,pizza,pizza,pizza,pizza,pizza,pizza,pizza,pizza,cup,person
000000065350.jpg,skateboard,skateboard,car,bicycle,person,person
000000511384.jpg,frisbee,person
000000430871.jpg,parking meter
000000447342.jpg,bus,bus,car,car,car,car,car,car
000000430073.jpg,chair,chair,chair,chair,chair,chair,cow,motorbike,person,person,person,person,person,person,person,person,person,person,person,person
000000504389.jpg,tennis racket,tennis racket,person,person
000000042888.jpg
000000460229.jpg,stop sign,traffic light,traffic light,truck
000000013774.jpg,frisbee,person
000000215114.jpg,refrigerator,bottle,bottle,bottle,bottle,person
000000033109.jpg,truck,truck,bus,car,car,car,car,person
000000134886.jpg,aeroplane,car,person,person,person,person
000000490171.jpg,surfboard,dog,person
000000336587.jpg,stop sign
000000458755.jpg,sheep,sheep,person,person,person
000000176701.jpg
000000350679.jpg,cake,cake,cake,bottle,tie,person,person,person,person,person,person,person
000000576052.jpg,horse,person
000000193743.jpg,tennis racket,person,person
000000506178.jpg,person
000000524850.jpg,suitcase,suitcase,handbag,handbag,handbag,backpack,backpack,bus,aeroplane,person,person,person,person,person,person,person,person,person,person,person,person,person,person,person,person,person,person,person
000000209222.jpg,bench,car,person,person,person,person,person,person,person,person,person
000000355677.jpg,surfboard
000000407574.jpg,banana
000000028285.jpg,clock
000000273493.jpg,person,person
000000365207.jpg,dog,car,car
000000093154.jpg,traffic light,car,car,car,car,car,car,car,car,car,car,car
000000031749.jpg,clock
000000443303.jpg,book,suitcase,cat
000000462031.jpg,baseball bat,person
000000097230.jpg,elephant,elephant
000000474167.jpg,pizza,pizza,bottle,person,person,person
000000416269.jpg,train
000000147415.jpg,laptop,chair,person
000000196009.jpg,carrot,carrot,spoon
000000101420.jpg,sofa,cat
000000116208.jpg,chair,chair,chair,pizza,pizza,pizza,pizza,cup,cup,wine glass,wine glass,wine glass,bottle,bottle,bottle,bottle
000000107554.jpg,surfboard
000000276284.jpg,truck,car,motorbike,car,car,car
000000208363.jpg,chair,chair,pizza,pizza,pizza,pizza,person,person,person,person,person,person,person,person,person,person,person,person,person
000000019221.jpg,broccoli
000000130599.jpg,giraffe,person
000000516677.jpg,skis,skis,skis,skis,skis,backpack,backpack,backpack,person,person,person,person,person,person,person,person
000000189436.jpg,teddy bear
000000397327.jpg,sink,toilet
000000464251.jpg,chair,chair,bird
000000034452.jpg,frisbee,frisbee,person
000000053909.jpg,cell phone,person
000000014038.jpg,book,book,book,book,book,book,refrigerator,microwave,cell phone,tvmonitor,bed,pottedplant,handbag
000000061108.jpg,car,bicycle
000000393569.jpg,sink,laptop,toilet,bottle,bottle,person
000000341828.jpg,cell phone,person
000000410878.jpg,bench,motorbike
000000235857.jpg,cow,cow,cow
000000159791.jpg,refrigerator,oven,microwave,chair
000000013348.jpg,truck,aeroplane,aeroplane,person,person
000000376478.jpg,vase
000000486046.jpg,giraffe,zebra,zebra
000000285349.jpg,vase
000000091779.jpg,hot dog,hot dog,hot dog,bowl,bowl,cup
000000326462.jpg,donut
000000177065.jpg,tennis racket,tennis racket,tennis racket,tennis racket,sports ball,backpack,person,person,person,person
000000443844.jpg,skateboard,bench,person
000000090631.jpg,aeroplane
000000154358.jpg,vase,vase,vase,vase,pottedplant,pottedplant,chair,chair,chair,handbag,person
000000083113.jpg,elephant,elephant
000000350405.jpg,snowboard,person,person
000000042276.jpg,toilet,pottedplant
000000173033.jpg,bear,bear
000000570736.jpg,sink,toilet
000000186296.jpg,cat
000000520707.jpg,tvmonitor,tvmonitor,suitcase,handbag,handbag,handbag,person,person,person,person,person,person,person,person,person
000000097022.jpg,sink,toaster,oven,oven,microwave,bottle
000000019432.jpg,chair,chair,chair,chair,chair,tennis racket,sports ball,person
000000403353.jpg,book,bed
000000296634.jpg,carrot,bowl,bowl,bowl
000000080274.jpg,elephant,elephant
000000122672.jpg,person
000000171050.jpg,fire hydrant
000000245102.jpg
000000125129.jpg,diningtable,chair,chair,person,person,person
000000107339.jpg,sofa,person,person
000000142620.jpg,chair,bowl,bowl,bowl,spoon,cup,cup,cup,cup,bottle,bottle,person
000000452515.jpg,tennis racket,sports ball,person,person
000000071226.jpg,book,bed,dog,dog,cat
000000491090.jpg,motorbike,person
000000532575.jpg,dog
000000344816.jpg,train
000000210388.jpg,suitcase,person,person,person
000000399462.jpg,kite,person,person,person
000000309655.jpg,person,person,person,person,person,person,person,person,person,person,person,person,person
000000002473.jpg,skis,person,person,person,person
000000059598.jpg,cell phone,mouse,laptop,diningtable,chair,chair,cake,banana,person,person
000000157213.jpg,elephant
000000327769.jpg,sink,cup,cup,bottle,cat
000000127394.jpg,diningtable,chair,pizza,bowl,spoon,spoon,fork,cup,cup,cup,cup,bottle,bottle,bottle,bottle,person,person,person,person,person
000000009378.jpg,frisbee,person,person,person,person,person
000000159282.jpg,vase
000000279714.jpg,baseball bat,toothbrush,car
000000092939.jpg,diningtable,pottedplant,chair,cake,cup,wine glass,person,person,person
000000038210.jpg,skis,person,person
000000570456.jpg,diningtable,sofa,chair,chair,bowl
000000044279.jpg,bowl,person,person
000000372203.jpg,bench,fire hydrant
000000206025.jpg,tie,person
000000531135.jpg,person,person,person,person,person,person,person,person,person
000000005503.jpg,toilet,person
000000323263.jpg,person,person,person,person,person
000000290619.jpg,banana
000000130465.jpg,clock,clock
000000216516.jpg,skis,person
000000065798.jpg,baseball glove,person,person,person,person,person
000000261706.jpg,remote,sofa,cat
000000361268.jpg,cow
000000430377.jpg,person,person
000000509131.jpg,orange,orange,orange,apple,apple,apple,banana,banana,banana
000000475064.jpg,donut,person
000000125405.jpg,frisbee,dog,dog
000000363207.jpg,cake,bowl,wine glass,person,person,person,person,person
000000409211.jpg,tennis racket,sports ball,person,person,person,person,person,person,person,person,person
000000311789.jpg,cat
000000082765.jpg,laptop,bed
000000298904.jpg,vase
000000229659.jpg,clock,laptop,diningtable,chair,chair,chair,chair,bottle,person,person,person
000000035279.jpg,book,book,cell phone,cell phone,laptop,bottle
000000096427.jpg,tennis racket,person,person,person
000000399560.jpg,cat
000000080659.jpg,horse,horse,person,person,person
000000122046.jpg,umbrella,person
000000280930.jpg,oven,bottle,person
000000401446.jpg,handbag,umbrella,person
000000258793.jpg,parking meter,parking meter,car,car,person
000000212573.jpg,umbrella,traffic light,car,car,car,car,car,car,person,person
000000030504.jpg,skis,backpack,person
000000243626.jpg,diningtable,fork,cup
000000176857.jpg,cat,person,person,person,person,person,person
000000529122.jpg,donut,handbag,person,person,person
000000071877.jpg,skateboard,person
000000459887.jpg,banana,bowl
000000363188.jpg,cell phone,backpack,car,person,person,person,person,person,person,person
000000433915.jpg,tie,person,person
000000217219.jpg,bed
000000547854.jpg,diningtable,pizza,person
000000379842.jpg,book,remote,book
000000046872.jpg,truck,car,car,car,person,person
000000069106.jpg,zebra,zebra,zebra
000000481404.jpg
000000137246.jpg,pottedplant,hot dog,sandwich,umbrella,umbrella,bench,bench,person,person
000000174018.jpg,teddy bear,teddy bear
000000075393.jpg,fork,fork
000000176901.jpg,skis,skis,person,person,person
000000561889.jpg,diningtable,carrot,broccoli
000000523033.jpg,person,person
000000577539.jpg,bowl,diningtable
000000215072.jpg,chair,wine glass,person,person
000000551350.jpg,diningtable,bench,bench
000000528399.jpg,diningtable,sandwich,cup,bowl,spoon,cup,cup,cup,cup,person
000000478393.jpg,teddy bear,bed,cat,cat
000000244019.jpg,fire hydrant
000000106281.jpg,train,train
000000380913.jpg,cell phone,cell phone,cell phone,cell phone,handbag,handbag,handbag,person,person,person,person,person,person
000000033638.jpg,oven,bowl,person
000000001584.jpg,bus,bus,bus,person,person,person,person,person,person
000000053624.jpg,elephant,person,person,person,person
000000322574.jpg,sandwich,bowl
000000322968.jpg,clock,pottedplant,person
000000276024.jpg,cow,cow,cow,cow,cow,cow,horse,horse,person,person
000000581100.jpg,giraffe,giraffe,cow
000000425390.jpg,laptop,cat
000000153011.jpg,chair,truck,truck,bus,car,car,car,person,person,person,person,person,person,person
000000521259.jpg,frisbee,frisbee,frisbee,frisbee,truck,person,person,person,person,person,person,person,person,person,person
000000025139.jpg,zebra
000000140420.jpg,motorbike
000000573258.jpg,person
000000395575.jpg,person
000000553511.jpg,fire hydrant,traffic light,traffic light,traffic light,traffic light,traffic light,car,car,car,person
000000309678.jpg,pizza,person
000000080666.jpg,cat
000000286503.jpg,elephant,person,person
000000498919.jpg,orange,orange
000000423971.jpg,toilet
000000494913.jpg,clock,book,book,book,book,tvmonitor,tvmonitor,sofa,sofa,cup,handbag,cat,person
000000062554.jpg,broccoli,bowl,bowl
000000201775.jpg,sink,toilet,toilet
000000135872.jpg,book,keyboard,keyboard,mouse,mouse,laptop,tvmonitor,chair
000000429530.jpg,vase,vase,vase,vase
000000263474.jpg,toilet
000000142585.jpg,traffic light,traffic light,truck,motorbike,car,car,car,car,car,person,person
000000192716.jpg,stop sign,car,car,person
000000125952.jpg
000000091500.jpg,remote,remote,diningtable,chair,chair,cup,bottle,bottle,bottle,person,person
000000504074.jpg,laptop,chair,person,person
000000404484.jpg,pottedplant,dog,person
000000365387.jpg,sink,toilet,bed
000000451693.jpg,diningtable,pizza
000000367386.jpg,vase,book,book,book,remote,remote,pottedplant,pottedplant,sofa,sofa,chair,cup
000000458992.jpg,diningtable,chair,pizza,fork,person
000000335177.jpg,stop sign,truck,car
000000321333.jpg,teddy bear,person,person
000000057597.jpg,sports ball,truck,car,car,person,person,person,person,person,person,person
000000373353.jpg,truck,bus,car,car,car,car,car,car,car,car,car,car,car,car,car,car,car,person,person,person,person,person,person
000000455301.jpg,bed,person
